Date,Description,Theme,Jurisdiction,Area,Note,Label,Latitude,Longitude,Source
21/09/1921,Electricity concession granted to Pinhas Rutenberg by the British Mandate authorities for generation and distribution of electricity in Palestine. Foundation of Palestine Electric Corporation and early grid.,Energy,British Mandate Palestine,Palestine (territory-wide concession),Administrative concession rather than physical infrastructure; enabled formation of Palestine Electric Corporation (incorporated 1923); often cited as origin of centralised electricity system.,Rutenberg Concession,31.7683,35.2137,https://www.un.org/unispal/document/auto-insert-198692/
10/06/1932,"Naharayim hydroelectric power station begins commercial operation at the confluence of the Jordan and Yarmouk rivers, generating power for the Palestine Electric Corporation network.",Energy,British Mandate Palestine,Jordan Valley (Naharayim / Tel Or),Operated by Palestine Electric Corporation; also known as Tel Or. Hydroelectric station constructed by Pinhas Rutenberg; operations ceased during the 1948 war after damage to facilities.,Naharayim Hydro,32.6756,35.5436,https://www.palestine-studies.org/en/node/1649527
12/08/1937,"Newspaper Palestine Post reports draft Hula Concession Ordinance, outlining the definition of reserved and unreserved concession areas in the Hula Valley and establishing regulatory controls over land use, access, and cultivation within the concession.",Governance & Territory,British Mandate for Palestine,"Huleh Concession Area (Upper Galilee, Northern District)","Establishes spatial differentiation between  Reserved  and  Unreserved  concession areas, formalising territorial control through law
Based on cadastral/survey infrastructure, specifically a survey plan dated 22 July 1937, indicating the translation of cartographic knowledge into legal boundaries
Grants extensive powers to the concessionaire (Palestine Land Development Company), including regulation of access, cultivation, and occupancy
Introduces mechanisms of exclusion and enforcement (fines, eviction, imprisonment), embedding legal authority into territorial management
Builds on earlier concession agreements formalised in 1934, marking a consolidation phase of control over the Hula Valley wetlands
Prefigures large-scale environmental transformation (drainage of the Huleh wetlands in the 1950s) by establishing a legal framework for land reclamation and resource extraction
Illustrates a broader Mandate-era pattern of governance through concession + survey + ordinance, linking legal authority to spatial reconfiguration",Huleh Valley concession area,33.103,35.61,
28/02/1938,"Reading Power Station Unit A commissioned at the mouth of the Yarkon River in Tel Aviv, introducing steam-turbine thermal generation to the Palestine Electric Corporation network.",Energy,British Mandate Palestine,Tel Aviv (Yarkon River mouth),Known as Reading A; coal-fired thermal station built to supply the Tel Aviv load centre; commissioning reported in contemporary press on 28 February 1938.,Reading Station,32.0996,34.7805,https://www.nli.org.il/he/newspapers/dav/1938/02/28/01/article/10
01/04/1945,"British Mandate government compiles the Village Statistics, 1945 report documenting population and land ownership for localities including Deir Istiya and Rafah (baseline for later reserve and planning restrictions).",Infrastructure & Technology,British Mandate Palestine,Deir Istiya (Salfit region) / Rafah (southern Gaza),"Report prepared by Department of Statistics, Government of Palestine, April 1945; not tied to a single-day event; 01/04/1945 used as closest documented publication month.",Deir Istiya & Rafah 1945 stats,32.13056,35.14,https://www.palestine-studies.org/en/node/165218
14/05/1948,"State of Israel proclaimed; electricity infrastructure placed under national control during wartime conditions, and Naharayim hydroelectric station operations halted during hostilities in the Jordan Valley. Naharayim hydro ceases operations around 1948 amid war conditions.",Energy,State of Israel / Hashemite Kingdom of Jordan (armistice zone context),National (Israel) / Jordan Valley (Naharayim),Israeli declaration of independence on 14 May 1948; Naharayim plant damaged and ceased operation during fighting shortly after; facility later located within Jordanian-controlled territory after 1949 armistice.,1948 war & hydro shutdown,32.6756,35.5436,https://www.palestine-studies.org/en/node/1649527
11/12/1948,"United Nations General Assembly adopts Resolution 194 addressing Palestinian refugees and displacement following the 1948 war. Israel gains control of West Jerusalem, Egypt gains the Gaza Strip, and Jordan gains the West Bank and East Jerusalem, including the Old City and its historic Jewish quarter. ",Governance & Territory,United Nations,Palestine / Israel,Resolution 194 calls for return of refugees wishing to live at peace and compensation for those not returning.,UN General Assembly Resolution 194,40.7484,-73.9857,https://www.un.org/unispal/document/auto-insert-185393/
02/09/1951,"Large-scale drainage works begin in the Hula Valley to remove wetlands and convert the area to agricultural land under a project led by the Jewish National Fund (Wetlands Drainage, JNF-led drainage project).",Conservation & Environment,State of Israel,Hula Valley (Upper Jordan Basin),Drainage works initiated in early September 1951 following government approval and commencement of canal excavation; project continued until 1958; later partially reversed through Hula restoration in the 1990s.,Hula drainage begins,33.06666667,35.58333333,https://www.kkl-jnf.org/organization-chief-scientist/water-for-israel/water_activity_hula_valley_rehabilitation/
19/12/1953,Society for the Protection of Nature in Israel established as a national conservation organisation following environmental concerns including the Hula Valley drainage.,Conservation & Environment,State of Israel,National (Israel),"Founded by Amotz Zahavi, Heinz Steinitz, and Azariah Alon; Hula drainage frequently cited as a catalyst for organised conservation efforts.",SPNI founded,31.7683,35.2137,https://www.environmentandsociety.org/tools/keywords/society-protection-nature-israel
06/06/1956,"Decision to designate part of the Hula Valley as a protected area, marking the first formal policy step toward conservation of remnant wetland ecosystems following planned drainage operations.",Conservation & Environment,State of Israel,"Hula Valley (Upper Galilee, northern Israel)",(pre-1967 sovereign territory),Papyrus swamp,33.103,35.61,https://www.zionistarchives.org.il/en/AttheCZA/AdditionalArticles/Pages/Hula.aspx
31/10/1958,Hula Valley wetland drainage project completed following removal of Lake Hula and surrounding marshes. (1951-1958),Conservation & Environment,State of Israel,Hula Valley (Upper Jordan Basin),Drainage works carried out 1951 1958; completion marked by final canalisation and agricultural conversion; ecological degradation later led to partial restoration in the 1990s.,Hula drainage completed,33.06666667,35.58333333,https://www.kkl-jnf.org/organization-chief-scientist/water-for-israel/water_activity_hula_valley_rehabilitation/
13/08/1963,"National Parks and Nature Reserves Law enacted, establishing the legal framework for designation and management of protected areas in Israel.",Conservation & Environment,State of Israel,National (Israel),"National Parks and Nature Reserves Law, 1963; exact commencement day varies in sources; 01/01/1963 retained as year-only placeholder pending Gazette commencement date.",Protected-areas law,31.7683,35.2137,https://faolex.fao.org/docs/pdf/isr7843.pdf
01/07/1963,Area of recreated papyrus swampland in the Hula Valley set aside for protection prior to formal nature reserve declaration. (pre-1964 formal declaration). Decision to designate part of the Hula as a nature reserve on 6 June 1956,Heritage & Archaeology,State of Israel,Hula Valley,Set-aside occurred during 1963 following drainage works; exact day not recorded; mid-year used as closest documented period preceding 1964 declaration.,Hula set-aside,33.06666667,35.58333333,https://www.kkl-jnf.org/organization-chief-scientist/water-for-israel/water_activity_hula_valley_rehabilitation/
26/11/1964,Hula Nature Reserve formally declared as a protected area under Israeli conservation legislation (first Israeli nature reserve); legal status recorded in Israeli Official Gazette.,Heritage & Archaeology,State of Israel,Hula Nature Reserve (Upper Jordan Basin),First declared nature reserve in Israel; legal status recorded in Official Gazette; later designated Ramsar wetland.,Hula declared,33.06666667,35.58333333,https://rsis.ramsar.org/ris/868
15/12/1964,Hula Nature Reserve inaugurated following preservation of remaining wetland habitat after drainage of the Hula Valley.,Heritage & Archaeology,State of Israel,Hula Valley,Inauguration occurred late 1964 following formal declaration; exact day not consistently recorded; mid-December used as closest documented period.,Hula inaugurated,33.06666667,35.58333333,https://www.kkl-jnf.org/organization-chief-scientist/water-for-israel/water_activity_hula_valley_rehabilitation/
07/06/1967,Israeli military administration established in the West Bank and Gaza Strip following the June 1967 war.,Military,West Bank and Gaza Strip (Israeli military administration),West Bank and Gaza Strip,"Beginning of military governance framework; followed by issuance of military orders regulating land, planning and infrastructure. Start of occupation governance; legal framework for subsequent military orders.",Military Governorate established,31.9522,35.2332,https://www.unocha.org/occupied-palestinian-territory
01/06/1970,Sebastia archaeological site designated as Shomron National Park under Israeli nature protection framework.,Heritage & Archaeology,West Bank (Israeli military administration),Sebastia / Samaria,Designation under Israeli nature protection framework; year 1970 documented. Coordinates use UNESCO Tentative List point.,Sebastia 'Shomron' NP declared,32.28333333,35.18333333,https://emekshaveh.org/en/the-political-struggle-over-the-future-of-tel-sebastia/
31/12/1971,Ein Gedi Nature Reserve declared in the Judean Desert surrounding the Ein Gedi oasis.,Heritage & Archaeology,State of Israel,"Ein Gedi (Dead Sea western shore, Judean Desert)",Source specifies end of 1971; exact declaration date not published; end-of-year retained as closest documented period.,Ein Gedi declared,31.46667,35.39389,https://en.parks.org.il/reserve-park/en-gedi-nature-reserve/
01/01/1973,Construction begins on Orot Rabin coal-fired power station near Hadera.,Energy,State of Israel,Hadera (Orot Rabin power station),Coal baseload expansion tied to energy-security planning after oil shocks. Construction initiated 1973; exact start day not consistently recorded; plant developed as large baseload coal generation facility.,Coal baseload build-out,32.4749,34.8922,https://www.gem.wiki/Orot_Rabin_power_station
01/07/1974,Jerusalem Walls National Park established surrounding the Old City of Jerusalem (environmental designation used to limit development around Old City).,Heritage & Archaeology,East Jerusalem (Israeli administration),Jerusalem Old City and surrounding slopes,Designation introduced following 1967 annexation of East Jerusalem. Exact declaration date not consistently recorded; mid-year used as closest available period.,Jerusalem Walls NP founded,31.77777778,35.23166667,https://en.parks.org.il/reserve-park/jerusalem-walls-city-of-david-national-park/
01/01/1979,Wadi Qana area designated a closed military zone with access restrictions imposed (access restrictions reported 1979-1982).,Military,"State of Israel (military administration, West Bank)",Deir Istiya / Wadi Qana,Restrictions reported between 1979 1982; exact initial order date not published; year start retained as closest documented point. Location approximated near Deir Istiya.,Wadi Qana closed zone,32.13056,35.14,https://www.ochaopt.org/content/settlement-expansion-around-israeli-declared-nature-reserve
29/09/1981,First generating unit at Orot Rabin power station enters commercial operation (1981-1984 commissioning window). ,Energy,State of Israel,Hadera (Orot Rabin power station),Unit commissioning occurred 1981 1984; September 1981 corresponds to first unit synchronisation period.,Orot Rabin online (Block A),32.4749,34.8922,https://www.gem.wiki/Orot_Rabin_power_station
01/06/1981,"Firing Zone 918 designated as a military training area in Masafer Yatta. Designated as a closed military training area (early 1980s, some sources cite 1981).",Military,West Bank (Israeli military administration),Masafer Yatta / Khirbet a-Tuba,Early 1980s designation; 1981 commonly cited; exact military order date varies across sources.,FZ 918 designated,31.406821,35.177354,https://www.ochaopt.org/content/masafer-yatta-communities-risk-forcible-transfer-june-2022
08/11/1981,"Israeli Civil Administration established in the West Bank, replacing the Military Governorate. Transfer to COGAT.",Military,West Bank (Israeli Civil Administration),West Bank,Established by Military Order No. 947; administrative authority transferred from Military Governorate. End of direct military governorate; shift to civilian-coordinated administration.,Civil Administration established,31.9522,35.2332,https://www.gov.il/en/departments/coordination-of-government-activities-in-the-territories/govil-landing-page
19/09/1983,Israel Space Agency established by government decision to coordinate civilian space activities.,Infrastructure & Technology,State of Israel,National (Israel),Established under Ministry of Science and Technology; coordinates civil space policy and programmes. Civil space agency; parallel military space capabilities develop via other channels.,Israel Space Agency founded,31.7683,35.2137,https://www.space.gov.il/en/about
03/05/1983,Nahal Qana / Wadi Qana declared a nature reserve under Israeli military order in the West Bank.,Heritage & Archaeology,West Bank (Israeli military administration),Deir Istiya / Wadi Qana,Declared by military order; reserve boundaries overlap agricultural valley areas.,Wadi Qana reserve declared,32.13056,35.14,https://www.ochaopt.org/sites/default/files/ocha_opt_the_humanitarian_monitor_2013_08_23_english.pdf
08/12/1987,First Intifada begins with widespread Palestinian protests and civil unrest in the West Bank and Gaza Strip.,Resistance,West Bank and Gaza Strip,West Bank and Gaza Strip,"Uprising began in Gaza and spread regionally; involved strikes, demonstrations and closures.",First Intifada starts,31.5017,34.4668,https://www.un.org/unispal/history/
01/01/1988,Unified National Leadership of the Uprising (UNLU) established to coordinate First Intifada activities. ,Resistance,West Bank and Gaza Strip,Occupied Palestinian territories,"Coordinated strikes, protests, and civil disobedience.",First Intifada,31.9522,35.2332,https://www.ebsco.com/research-starters/history/palestinian-intifada-begins
19/09/1988,Ofek-1 reconnaissance satellite launched into low Earth orbit from Palmachim Airbase using the Shavit launch vehicle. Launched by Israel Aerospace Industries; beginning of the Ofek satellite series.,Infrastructure & Technology,State of Israel,Palmachim Airbase,Low Earth orbit reconnaissance capability; part of long-running intelligence satellite series. First satellite in the Ofek series; westward launch trajectory over the Mediterranean.,Ofek-1 launch,31.932,34.688,https://en.wikipedia.org/wiki/Ofeq
14/12/1987,Hamas movement established during the early phase of the First Intifada.,Resistance,Gaza Strip,Gaza Strip,Emerged as an Islamist resistance movement during uprising.,Hamas founded,31.5017,34.4668,https://www.palestine-studies.org/en/node/34518
13/09/1993,"Oslo I Accord (Declaration of Principles) signed in Washington, establishing framework for Palestinian self-government.; Palestinian Authority established; Israeli redeployment from Areas A and B.",Governance & Territory,Israel / Palestine Liberation Organisation,West Bank and Gaza Strip,Signed 13 September 1993; Palestinian Authority formally established in 1994 following implementation agreements. Creates Palestinian self-governance in parts of West Bank and Gaza.,Oslo Accords,38.8977,-77.0365,https://peacemaker.un.org/en/node/9432
30/03/1993,"Comprehensive closure imposed on the occupied Palestinian territories restricting movement between the West Bank, Gaza Strip and Israel.",Military,West Bank and Gaza Strip,West Bank and Gaza Strip,First long-term general closure imposed March 1993; system of permits and checkpoints subsequently institutionalised. Restricts Palestinian movement; becomes permanent feature of occupation.,Checkpoints introduced,31.9522,35.2332,https://www.btselem.org/topic/freedom_of_movement
04/05/1994,"The Israelis and the Palestinians sign the Gaza-Jericho Agreement, which begins implementation of the Oslo Accords. The agreement provides for an Israeli military withdrawal from Gaza and Jericho, a town in the West Bank, and for a transfer of authority from Israeli administration to the newly formed Palestinian Authority. The agreement also establishes the structure and composition of the Palestinian Authority, its jurisdiction and legislative powers, a Palestinian police force, and relations between Israel and the Palestinian Authority",Governance & Territory,Israel / Palestine Liberation Organisation,Gaza Strip and Jericho (West Bank),Agreement provided for Israeli military withdrawal from Gaza and Jericho and transfer of authority to the Palestinian Authority.,Gaza Jericho Agreement,31.7683,35.2137,https://unsco.unmissions.org/sites/default/files/agreement_on_the_gaza_strip_and_the_jericho_area.pdf
26/10/1994,"Israel and Jordan sign a peace treaty, formally ending the state of war and establishing diplomatic relations.",Governance & Territory,State of Israel / Hashemite Kingdom of Jordan,Israel Jordan border (Arava / Wadi Araba),"Treaty resolves territorial disputes and establishes cooperation in water, trade and security; recognises Jordan s role in Muslim holy sites in Jerusalem.",Israel Jordan Peace Treaty,29.5667,34.9722,https://education.cfr.org/learn/timeline/israeli-palestinian-conflict-timeline
01/07/1995,Palestinian Energy Authority established to oversee electricity and energy sector planning in Palestinian-administered areas (PENRA / PEA). Established (mandated for energy sector governance).,Energy,Palestinian Authority,West Bank and Gaza Strip,Established mid-1990s following Oslo governance arrangements; later renamed Palestinian Energy and Natural Resources Authority (PENRA). Institutional anchor for Palestinian electricity sector reforms and planning under constraints.,PENRA established,31.9038,35.2034,https://www.un.org/unispal/document/auto-insert-210044/
28/09/1995,"Oslo II Interim Agreement signed, dividing the West Bank into Areas A, B and C with differing administrative control. Israel retains near-exclusive planning and security control in Area C.",Governance & Territory,Israel / Palestinian Authority,"West Bank (Areas A, B, C)","Area C remained under Israeli civil and security control affecting planning and infrastructure permitting. This division shapes infrastructure permitting, land-use planning, and enforcement capacity.",Oslo II: Area C control,38.8977,-77.0365,https://www.un.org/unispal/document/auto-insert-185434/
01/07/1996,Second block of Orot Rabin coal-fired power station enters operation near Hadera.,Energy,State of Israel,Hadera (Orot Rabin power station),Unit commissioning completed in 1996; exact day varies; mid-year used as closest documented period. Last major coal expansion before gas-dominant era.,Orot Rabin online (Block B),32.4749,34.8922,https://www.gem.wiki/Orot_Rabin_power_station
01/06/1996,Porashim Kanef' begins (IEC + INPA + SPNI) to reduce raptor electrocution along electricity infrastructure; includes systematic surveys along power lines and mitigation (pole insulation/retrofits).,Conservation & Environment,State of Israel,National electricity grid (IEC),"Joint initiative of Israel Electric Corporation, Israel Nature and Parks Authority, and Society for the Protection of Nature in Israel; year 1996 documented. Program creates long-term monitoring and intervention capacity around poles/lines and raptor mortality.",Porashim Kanef launched,31.7683,35.2137,https://www.unep-aewa.org/sites/default/files/publication/ts50_electr_guidelines_03122014.pdf
03/12/1996,Israel becomes a Contracting Party to the Ramsar Convention on Wetlands (entry into force 1996).,Conservation & Environment,State of Israel,National (Israel),Convention entered into force for Israel 3 December 1996.,Ramsar: Israel entry,31.7683,35.2137,https://www.ramsar.org/contracting-parties
16/05/1996,AMOS-1 communications satellite launched into geostationary transfer orbit; Israel's early GEO communications satellite capability.,Infrastructure & Technology,State of Israel,Palmachim launch site / Geostationary orbit,First Israeli commercial communications satellite. Comms satellite program supports broadcast/telecom capacity; illustrates space-based communications infrastructure build-out.,AMOS-1 launch,31.932,34.688,https://en.wikipedia.org/wiki/AMOS-1_(satellite)
12/11/1996,Hula Nature Reserve designated a Wetland of International Importance under the Ramsar Convention.,Heritage & Archaeology,State of Israel,Hula Nature Reserve,Ramsar Site No. 868. Designation date and coordinates from Ramsar Sites Information Service.,Hula Ramsar site,33.06666667,35.58333333,https://rsis.ramsar.org/ris/868
29/12/1999,Palestinian Environment Law No. 7 of 1999 adopted establishing statutory framework for environmental protectio (statutory basis for wildlife/bird protection).,Conservation & Environment,Palestinian Authority,West Bank and Gaza Strip,Law provides legal basis for wildlife and habitat protection; implementation varies by administrative control. Applies as PA law; practical enforcement varies by control arrangements and capacity.,Palestinian Environment Law,31.9038,35.2034,https://environment.ps/wp-content/uploads/2022/05/Law_No_7_For_The_Year_1999_Concerning_The_Environment.pdf
01/06/2000,Mari-B offshore natural gas field development confirmed for commercial supply offshore Ashdod.,Energy,State of Israel (offshore EEZ)),Mediterranean Sea (Mari-B field),Discovery late 1990s; development phase around 2000 preceding production in 2004. Often described as the first commercial field to supply gas to Israel.,Mari-B discovered,31.75,34.4,https://www.gov.il/BlobFolder/news/offshore_bid_round_2/he/status_gas_fields.pdf
01/06/2000,Wadi Gaza declared a nature reserve by the Palestinian Environmental Quality Authority.,Heritage & Archaeology,Palestinian Authority,Wadi Gaza,Declared June 2000; exact day not specified. Coordinates use Wadi Gaza mouth point.,Wadi Gaza reserve declared,31.46389,34.37583,https://www.undp.org/papp/projects/wadi-gaza-coastal-wetland-conservation-and-development
25/07/2000,Camp David Summit concludes without agreement following negotiations between Israel and the Palestine Liberation Organization mediated by the United States.,Governance & Territory,Israel / Palestine Liberation Organisation / United States,Camp David (USA),"Talks addressed final-status issues including borders, Jerusalem and refugees; no agreement reached.",Camp David Summit (FAILED negotiations),39.6483,-77.4661,https://www.amnesty.org.uk/knowledge-hub/all-resources/usauk-camp-david-summit-must-recognise-international-responsibility-iraqi-human/
28/09/2000,Second Intifada begins with widespread unrest in the West Bank and Gaza Strip.,Resistance,West Bank and Gaza Strip,West Bank and Gaza Strip,Escalation followed visit to Haram al-Sharif/Temple Mount; period marked by closures and later barrier construction,Second Intifada starts,31.777778,35.235,https://www.palquest.org/en/highlight/31123/xi-second-intifada-and-post-arafat-era
29/09/2000,Clashes escalate across West Bank and Gaza following protests at Haram al-Sharif/Temple Mount.,Resistance,West Bank and Gaza Strip,Jerusalem / West Bank / Gaza,Marks rapid transition from protests to sustained armed confrontation.,Early escalation (militarisation phase),31.778,35.235,
02/12/2001,Masada and the Old City of Acre inscribed on the UNESCO World Heritage List.,Heritage & Archaeology,State of Israel,Masada (Dead Sea) / Acre (Akko),Both properties inscribed during the 25th session of the World Heritage Committee in Helsinki (2001).,Masada & Acre UNESCO,31.31555556,35.35361111,https://whc.unesco.org/en/list/1040
23/06/2002,Israeli cabinet approves construction of the West Bank separation barrier.,Military,West Bank (Israeli government decision),West Bank (including Nablus and Jenin),Construction began mid-2002 following cabinet decision 23 June 2002. Reconfigures territory and movement; impacts land use and environment.,West Bank barrier construction begins,31.9522,35.2332,https://news.un.org/en/story/2003/05/66702
29/03/2002,Operation Defensive Shield launched by Israeli forces in West Bank cities.,Military,West Bank (Israeli military operation),"West Bank (Nablus, Jenin, Ramallah)",Large-scale operation following escalation during Second Intifada. Reoccupation of Area A; heavy destruction in Jenin,Operation Defensive Shield,32.2211,35.2544,https://www.ohchr.org/en/press-releases/2009/10/report-secretary-general-recent-events-jenin-other-palestinian-cities?sub-site=HRC
30/04/2003,"Quartet (United States, European Union, United Nations, Russia) presents the Road Map for Peace outlining a phased plan toward a two-state solution.",Governance & Territory,International (Quartet),Israel / West Bank / Gaza Strip,Framework based on reciprocal steps including Palestinian reforms and Israeli settlement freeze.,Road Map for Peace,40.7128,-74.006,
17/07/2003,Israel Natural Gas Lines (INGL) incorporated as a government-owned company to develop national gas transmission infrastructure; natural gas transmission system development accelerates.,Energy,State of Israel,National (Israel),Established to construct and operate high-pressure natural gas transmission network. State-owned transmission monopoly becomes backbone for gas-to-power transition.,INGL incorporated,31.7683,35.2137,https://www.bdicode.co.il/en/company/israel-natural-gas-lines-ltd-en/eng_services_infrastructure/
05/07/2003,White City of Tel Aviv inscribed on the UNESCO World Heritage List.,Heritage & Archaeology,State of Israel,Tel Aviv,Inscribed at the 27th session of the World Heritage Committee (2003). Coordinates from UNESCO 'Maps' page.,White City UNESCO,32.07777778,34.774167,https://whc.unesco.org/en/list/1096
17/02/2004,Israel Natural Gas Lines (INGL) granted license to establish/operate natural gas transmission system; Mari-B begins supplying gas to Israeli power plants (domestic gas production begins).,Energy,State of Israel,National gas transmission network,Licence enabled expansion of gas supply from offshore fields to power stations. Key infrastructure + supply pivot enabling gas-fired generation expansion.,Domestic gas begins + transmission license,31.7683,35.2137,https://www.ingl.co.il/en/
28/06/2005,Incense Route   Desert Cities in the Negev inscribed on UNESCO World Heritage List.,Heritage & Archaeology,State of Israel,Negev desert cities,Inscribed during 29th World Heritage Committee session (2005).,Desert Cities UNESCO,30.861111,34.779444,https://whc.unesco.org/en/list/1107
15/07/2005,Biblical Tels (Megiddo) inscribed on UNESCO World Heritage List.,Heritage & Archaeology,State of Israel,Megiddo / Hazor / Beer Sheba,Inscribed during 29th World Heritage Committee session (2005). Coordinates from UNESCO 'Maps' pages.,Biblical Tels UNESCO,32.58528,35.18444,https://whc.unesco.org/en/list/1108
15/07/2005,Biblical Tels (Hazor) inscribed on UNESCO World Heritage List.,Heritage & Archaeology,State of Israel,Megiddo / Hazor / Beer Sheba,Inscribed during 29th World Heritage Committee session (2005). Coordinates from UNESCO 'Maps' pages.,Biblical Tels UNESCO,33.01667,35.56694,https://whc.unesco.org/en/list/1108
15/07/2005,Biblical Tels (Beer Sheba) inscribed on UNESCO World Heritage List.,Heritage & Archaeology,State of Israel,Megiddo / Hazor / Beer Sheba,Inscribed during 29th World Heritage Committee session (2005). Coordinates from UNESCO 'Maps' pages.,Biblical Tels UNESCO,31.24472,34.84083,https://whc.unesco.org/en/list/1108
15/08/2005,"Israel begins disengagement from Gaza, removing settlements and military presence.",Governance & Territory,Gaza Strip,Gaza Strip,Occurs in context of Second Intifada and changing control dynamics.,Gaza disengagement (linked to resistance outcomes),31.5017,34.4668,https://www.un.org/unispal/document/auto-insert-199876/
25/01/2006,Hamas wins majority in Palestinian Legislative Council elections.,Governance & Territory,Palestinian Authority,West Bank and Gaza Strip,Leads to political split between Hamas (Gaza) and Fatah (West Bank).,Hamas election victory,31.9038,35.2034,
28/06/2006,Operation Summer Rains launched by Israeli forces in the Gaza Strip following capture of soldier Gilad Shalit.,Military,Gaza Strip (Israeli military operation,Gaza Strip,Operation followed capture of Israeli soldier Gilad Shalit on 25 June 2006. Major Israeli offensive; infrastructure damage.,Operation Summer Rains,31.5017,34.4668,https://www.un.org/unispal/document/auto-insert-197800/
01/02/2008,Egyptian natural gas exports to Israel begin via the El-Arish Ashkelon pipeline; creates cross-border supply dependence.,Energy,Egypt,Sinai Peninsula to Ashkelon,Supply initiated early 2008 under EMG agreement; pipeline later repeatedly disrupted 2011 2012. Dependency becomes vulnerability during later sabotage/political rupture.,Egypt gas exports start,31.6767,34.5743,https://www.eia.gov/international/analysis/regions-of-interest/Eastern_Mediterranean
27/12/2008,Operation Cast Lead begins with Israeli airstrikes in the Gaza Strip with widespread destruction.,Military,Gaza Strip (Palestinian territory),Gaza Strip,Operation lasted until January 2009 and involved large-scale infrastructure damage. High civilian casualties; significant infrastructure damage.,Operation Cast Lead,31.5017,34.4668,https://www.un.org/unispal/document/auto-insert-201307/
08/07/2008,Bah   Holy Places in Haifa and the Western Galilee inscribed on the UNESCO World Heritage List. (serial property).,Heritage & Archaeology,State of Israel,Haifa (Mount Carmel) and Western Galilee,Inscribed during 32nd World Heritage Committee session (2008). Coordinates from UNESCO 'Maps' page (component: North Slope of Mount Carmel).,Bah   Holy Places UNESCO,32.814594,34.987278,https://whc.unesco.org/en/list/1220
17/01/2009,Tamar offshore natural gas field discovery announced in the Levant Basin.,Energy,State of Israel (offshore EEZ),Tamar gas field,Major deep-water discovery enabling transition to gas-based electricity generation. Foundation of gas-dominant electricity era under 'electricity island' conditions.,Tamar discovered,32.2,34.9,https://www.offshore-technology.com/projects/tamar-field/
18/05/2009,Knesset research memorandum published on raptor electrocution mitigation along electricity infrastructure. Porashim Kanef operations (includes scans along power lines and mapping cases).,Conservation & Environment,State of Israel,National electricity transmission network,Documents Porashim Kanef monitoring and pole retrofitting programme. Institutionalises electrocution as a monitored externality with mitigation programs.,Knesset memo on electrocution,31.7683,35.2137,https://web.archive.org/web/20240207224530/https://fs.knesset.gov.il/globaldocs/MMM/96c18d55-f7f7-e411-80c8-00155d010977/2_96c18d55-f7f7-e411-80c8-00155d010977_11_8809.pdf
15/12/2009,OCHA Special Focus report issued describing planning and zoning regime in Area C applied by Israeli authorities.,Governance & Territory,"Israeli Civil Administration (Area C, West Bank)",West Bank Area C,"Report outlines planning authority and permit system affecting development. Key reference for how permits, zoning, and restrictions shape Palestinian development and infrastructure.",Area C planning regime (OCHA),31.9522,35.2332,https://www.ochaopt.org/content/restricting-space-planning-regime-applied-israel-area-c-west-bank
30/12/2010,Leviathan offshore natural gas field discovery announced in the eastern Mediterranean.,Energy,State of Israel (offshore EEZ),Leviathan gas field,One of the largest deep-water gas discoveries in the region. Expands reserves; later supports exports and increases strategic importance of offshore infrastructure.,Leviathan discovered,33.1,34.65,https://www.offshore-technology.com/projects/leviathan-gas-field/
05/02/2011,"Repeated sabotage attacks begin on Sinai gas pipeline supplying Israel and Jordan, disrupting Egyptian gas supplies (2011-2012 period).",Energy,Egypt,Sinai Peninsula gas pipeline,Series of attacks during 2011 2012 disrupted Egyptian gas exports. Commonly cited as accelerating urgency for domestic offshore gas development.,Sinai gas disruptions,31.215,34.242,https://www.eia.gov/todayinenergy/detail.php?id=5170
14/11/2012,Operation Pillar of Defense begins with Israeli airstrikes in the Gaza Strip with targeted killings and rocket attacks.,Military,Gaza Strip (Palestinian territory),Gaza Strip,Eight-day escalation between Israel and armed groups in Gaza.,Operation Pillar of Defense,31.5017,34.4668,https://www.un.org/unispal/document/auto-insert-201677/
02/04/2012,Two UNESCO actions: Ancient City of Samaria (Sebastia) and Wadi Gaza added to UNESCO Tentative List by Palestine.,Heritage & Archaeology,State of Palestine,Sebastia & Wadi Gaza,Submitted to UNESCO Tentative List as potential World Heritage properties. Coordinates from UNESCO Tentative List entries.,Sebastia & Wadi Gaza UNESCO TL,32.28333333,35.18333333,https://whc.unesco.org/en/statesparties/ps
23/04/2012,Egypt cancels natural gas supply agreement with Israel.,Energy,Egypt / Israel,Egypt Israel gas agreement,Cancellation followed repeated pipeline disruptions. Further drives domestic offshore gas as strategic priority.,Egypt gas contract cancelled,31.6767,34.5743,https://www.reuters.com/article/world/blast-rocks-egypts-gas-pipeline-to-israel-jordan-idUSBRE86L00T/
29/06/2012,Birthplace of Jesus (Bethlehem) inscribed on UNESCO World Heritage List.,Heritage & Archaeology,State of Palestine,Bethlehem,First World Heritage inscription for Palestine.,Nativity UNESCO,31.704353,35.2075,https://whc.unesco.org/en/list/1433
29/06/2012,Nahal Me arot / Wadi el-Mughara Caves inscribed on UNESCO World Heritage List.,Heritage & Archaeology,State of Israel,Mount Carmel,Serial property documenting human evolution.,Nahal Me'arot UNESCO,32.6722,34.9642,https://whc.unesco.org/en/list/1393
01/08/2013,Palestine Electricity Transmission Limited (PETL) established as a single-buyer and transmission operator for electricity in the West Bank.,Energy,Palestinian Authority,West Bank (PETL),Designed to consolidate purchases and interact cohesively with IEC under dependence conditions. Created to consolidate electricity purchases and manage transmission planning.,PETL established,31.9038,35.2034,https://www.petl.ps/en
30/03/2013,Tamar offshore natural gas field begins commercial production.,Energy,State of Israel (offshore EEZ),Tamar gas field,Production enabled transition to gas-fired electricity generation. Enables rapid shift toward gas-fired generation.,Tamar production starts,32.2,34.9,https://www.offshore-technology.com/projects/tamar-field/
23/04/2014,Fatah and Hamas sign agreement to form a Palestinian unity government.,Governance & Territory,Palestinian factions (Fatah / Hamas),West Bank and Gaza Strip,Agreement not fully implemented; governance split continues.Fatah Hamas reconciliation attempt,,31.5017,34.4668,https://www.aljazeera.com/news/2014/4/23/palestinian-factions-to-form-unity-government
08/07/2014,Operation Protective Edge begins with Israeli military operations in the Gaza Strip with widespread destruction.,Military,Gaza Strip (Palestinian territory),Gaza Strip,Conflict lasted July August 2014 and caused extensive infrastructure damage. High civilian casualties.,Operation Protective Edge,31.5017,34.4668,https://www.un.org/unispal/document/auto-insert-195833/
03/08/2014,LTE/4G mobile services begin rollout by Israeli operators following regulatory approval. (example: Cellcom LTE launch after Ministry approval).,Infrastructure & Technology,State of Israel,Israel (mobile networks),Commercial LTE deployment began in 2014 starting with Cellcom network launch. Anchor for 4G era preceding Palestinian network upgrades by several years.,4G launches (Israel),32.0853,34.7818,https://markets.ft.markitdigital.com/data/equities/tearsheet/summary?s=CELJF:PKL
31/10/2014,"OCHA report highlights settlement expansion around Wadi Qana nature reserve and associated land-use restrictions. Area was designated a nature reserve by Israeli authorities in the 1980s, restricting Palestinian land use.",Conservation & Environment,West Bank (Area C),Wadi Qana,Report discusses planning restrictions affecting Palestinian land use. Example of 'nature reserve' designation functioning as a land-use restriction in contested territory.,Wadi Qana nature reserve restrictions,32.13056,35.14,https://www.ochaopt.org/content/settlement-expansion-around-israeli-declared-nature-reserve
21/06/2014,Palestine: Land of Olives and Vines   Cultural Landscape of Southern Jerusalem (Battir) inscribed on UNESCO World Heritage List.,Heritage & Archaeology,State of Palestine,Battir,Cultural landscape inscription covering agricultural terraces and irrigation system. Coordinates from UNESCO 'Maps' pages.,Battir UNESCO,31.720556,35.143472,https://whc.unesco.org/en/list/1492
22/06/2014,Caves of Maresha and Bet-Guvrin in the Judean Lowlands inscribed on UNESCO World Heritage List.,Heritage & Archaeology,State of Israel,Judean Lowlands (Bet-Guvrin / Maresha),Serial archaeological cave complex. Coordinates from UNESCO 'Maps' pages.,Maresha / Bet-Guvrin UNESCO,31.6,34.9,https://whc.unesco.org/en/list/1370/
06/12/2017,United States recognises Jerusalem as the capital of Israel.,Governance & Territory,United States / State of Israel,Jerusalem,Policy shift triggers protests across Palestinian territories and region.,US recognises Jerusalem as capital,31.778,35.235,https://www.aljazeera.com/news/2017/12/8/trump-transcript-in-full-jerusalem-is-israels-capital
07/07/2017,"OCHA report explains extent of firing zones declared for Israeli military training in Area C of the West Bank. Since the 1970s, ~18% of the West Bank (nearly 30% of Area C) declared firing zones for military training; civilian presence prohibited without permission.",Military,West Bank (Area C),West Bank firing zones,Report states approximately 18% of the West Bank designated as firing zones. Anchor for 'restricted landscapes' becoming military training spaces with environmental and livelihood impacts.,Firing zones (OCHA),31.9522,35.2332,https://www.ochaopt.org/content/firing-zones-and-risk-forcible-transfer
07/07/2017,Hebron/Al-Khalil Old Town inscribed on UNESCO World Heritage List.,Heritage & Archaeology,State of Palestine,Hebron Old City,Inscribed during 41st World Heritage Committee session. Coordinates from UNESCO 'Maps' page; date uses year only.,Hebron Old Town UNESCO,31.52444444,35.10833333,https://whc.unesco.org/en/list/1565
01/01/2018,Two events: 3G mobile services launch in the West Bank while Gaza remains limited to 2G. World Bank notes Israeli imports account for > 99% of electricity supply in West Bank.,Infrastructure & Technology,West Bank,West Bank and Gaza,Deployment followed spectrum agreement between Israel and Palestinian Authority. Telecom modernization gap and electricity dependency.,WB 3G launch & electricity dependency,31.9038,35.2034,https://www.trade.gov/market-intelligence/west-bank-information-technology-4g-mobile-service
03/06/2018,Israeli government approves electricity sector reform restructuring the Israel Electric Corporation (IEC restructuring; competition in some segments).,Energy,State of Israel,National electricity sector,Reform introduces competition in generation while maintaining IEC grid monopoly over grid infrastructure while changing generation/supply structure.,Electricity reform decision,31.7683,35.2137,https://www.reuters.com/article/markets/commodities/israel-to-break-up-electric-utility-iecs-monopoly-idUSL5N1SO3JM/
01/10/2018,Pilot monitoring report published on bird collisions along high-voltage line in the Jezreel Valley. 'Bird collisions on a high-voltage line in the Jezreel Valley'.,Conservation & Environment,State of Israel,Jezreel Valley,Baseline monitoring used to develop collision mitigation strategies. Empirical baseline used to design later marking/mitigation strategies.,Jezreel collision pilot report,32.604,35.322,https://tevabiz.org.il/wp-content/uploads/2017/11/%D7%93%D7%95%D7%97-%D7%9E%D7%A1%D7%9B%D7%9D-%D7%A4%D7%99%D7%99%D7%9C%D7%95%D7%98-%D7%9E%D7%A0%D7%99%D7%A2%D7%AA-%D7%94%D7%AA%D7%A0%D7%92%D7%A9%D7%95%D7%AA-%D7%A2%D7%95%D7%A4%D7%95%D7%AA-%D7%91%D7%A7%D7%95-%D7%9E%D7%AA%D7%97.pdf
30/03/2018,Great March of Return protests begin along Gaza-Israel separation fence.,Resistance,Gaza Strip,Gaza perimeter,Weekly protests demanding right of return and end of blockade.,Great March of Return (mass mobilisation),31.4,34.35,https://www.un.org/unispal/document/auto-insert-203013/
25/03/2019,United States recognises Israeli sovereignty over the Golan Heights. First country to recognise annexation of territory captured from Syria in 1967.,Governance & Territory,United States / State of Israel,Golan Heights,First country to recognise annexation of territory captured from Syria in 1967.,US recognises Israeli sovereignty over Golan Heights,33,35.75,https://www.aljazeera.com/news/2019/3/25/trump-formally-recognises-israeli-sovereignty-over-golan-heights
01/11/2019,SPNI publishes national guidance for reducing bird collisions with power lines based on national sensitivity analysis (published 2019).,Conservation & Environment,State of Israel,National electricity network,Guidance based on national sensitivity analysis and monitoring data.,SPNI collision guidance,31.7683,35.2137,https://tevabiz.org.il/wp-content/uploads/2019/11/%D7%9C%D7%90%D7%AA%D7%A8-%D7%A6%D7%9E%D7%A6%D7%95%D7%9D-%D7%94%D7%AA%D7%A0%D7%92%D7%A9%D7%95%D7%AA-%D7%A2%D7%95%D7%A4%D7%95%D7%AA-%D7%91%D7%A7%D7%95%D7%95%D7%99-%D7%97%D7%A9%D7%9E%D7%9C.pdf
31/12/2019,Leviathan offshore gas field begins commercial production.,Energy,State of Israel (offshore EEZ),Leviathan gas field,Production started late 2019 enabling exports to regional markets. Strengthens export diplomacy and strategic asset protection.,Leviathan production starts,33.1,34.65,https://www.offshore-technology.com/projects/leviathan-gas-field-levantine-israel/
01/01/2020,Israeli electricity system described as isolated grid without regional interconnection. Grid is not interconnected with neighboring countries; requires self-sufficiency.,Energy,State of Israel,National electricity grid,Often described as an  electricity island  requiring reserve margins. System operation/market functions separated from IEC as part of reform implementation.,Israel grid,31.7683,35.2137,https://www.inss.org.il/publication/electricity-system/
07/01/2020,National sensitivity map for bird collisions with power lines published (ArcGIS): 'Sensitive areas for bird collisions with power lines' (SPNI/partners).,Conservation & Environment,State of Israel,National power line network,GIS layer used for planning and mitigation. Creates a visible national layer of collision sensitivity used in planning/mitigation workflows.,Collision sensitivity map,31.7683,35.2137,https://www.arcgis.com/apps/mapviewer/index.html?webmap=b094aa13332f410d93a9b72c8bf55b17
28/01/2020,United States announces proposed Israeli Palestinian peace plan.,Governance & Territory,United States,Israel / West Bank,Plan proposes conditional Palestinian statehood; rejected by Palestinian leadership,Trump peace plan,38.8977,-77.0365,https://apnews.com/article/donald-trump-ap-top-news-international-news-jerusalem-politics-f7d36b9023309ce4b1e423b02abf52c6
15/09/2020,Israel signs normalisation agreements with the United Arab Emirates and Bahrain. Followed by similar agreements with Morocco and Sudan.,Governance & Territory,Israel / UAE / Bahrain,International,Followed by similar agreements with Morocco and Sudan.,Abraham Accords,38.8977,-77.0365,https://www.aljazeera.com/news/2023/9/17/three-years-on-how-have-the-abraham-accords-done-for-the-uae
29/09/2020,Israel s Communications Ministry grants 5G technology licences to mobile operators (launch of 5G era).,Infrastructure & Technology,State of Israel,Israel mobile networks,Beginning of national 5G deployment. Anchor for 5G build-out and subsequent 6G strategic discourse.,5G licenses issued,31.7683,35.2137,https://www.gov.il/en/pages/29092020_5
18/11/2020,INSS publishes analysis on future 6G technologies and implications for Israel; notes Israel's 5G launch in Sept 2020 and strategic implications.,Infrastructure & Technology,State of Israel,National telecommunications policy,Links 5G rollout to future strategic communications infrastructure. Connects wireless evolution to strategic/defense policy discourse.,Israel in 6G discourse,31.7683,35.2137,https://www.inss.org.il/publication/towards-6g/
01/01/2021,Electricity Authority report notes Noga operating as independent system operator following electricity sector reform. Israeli electricity system described as isolated grid without regional interconnection. ,Energy,State of Israel,National electricity system operator (Noga),System operation separated from Israel Electric Corporation.  System operation/market functions separated from IEC as part of reform implementation.,Noga operates independently,31.7683,35.2137,https://www.gov.il/BlobFolder/generalpage/dochmeshek/he/Files_Netunei_hashmal_THE%20ELECTRICITY%20AUTHORITY%20_ANNUAL%20REPORT_2021.pdf
10/05/2021,Operation Guardian of the Walls begins with Israeli airstrikes and rocket fire between Gaza and Israel. Gaza conflict triggered by Jerusalem tensions.,Military,Gaza Strip (Israeli military operation),Gaza Strip,Eleven-day conflict between Israel and armed groups in Gaza. Significant rocket fire and airstrikes.,Operation Guardian of the Walls,31.5017,34.4668,https://reliefweb.int/report/occupied-palestinian-territory/gaza-hamas-and-risk-civilian-life-during-operation-guardian
01/01/2022,Ministry of Environmental Protection approves plan to reduce bird electrocution using drone-installed mitigation devices.,Conservation & Environment,State of Israel,National power line network,Programme includes installation of insulating devices using drones. Technical solutions including drone installation tested.,Bird electrocution mitigation plan,31.7683,35.2137,https://en.hayadan.org.il/High-voltage-How-can-you-reduce-a-collision-of-a-zippo
01/01/2022,SPNI launches Start-Up Nature wetland restoration initiative creating artificial wetlands for migratory birds; creating mini-Hulas for bird migration.,Conservation & Environment,State of Israel,Wetland restoration sites (national),"Programme aims to restore wetland habitats along migration routes to support half a billion migrating birds, carbon sink.",Start-Up Nature project,32.7,35.6,https://mideastenvironment.apps01.yorku.ca/2022/12/un-draining-the-swamp-rewilding-project-aims-to-resurrect-israeli-wetlands-haaretz/
01/01/2022,Environmental Protection Minister signs order suspending hunting season due to avian influenza outbreak.,Conservation & Environment,State of Israel,National (Israel),Temporary hunting ban imposed to limit spread of avian flu.,Hunting ban avian flu,31.7683,31.7683,https://www.nationalgeographic.com/animals/article/israel-cancels-hunting-season-to-combat-worst-blow-to-wildlife-in-its-history
26/10/2022,Karish offshore gas field begins commercial production.,Energy,State of Israel (offshore EEZ),Karish gas field,"Operated by Energean; additional offshore supply capacity, reinforces offshore security geography.",Karish production starts,33.03,33.85,https://www.energean.com/operations/israel/karish/
27/10/2022,Israel and Lebanon conclude maritime boundary agreement defining offshore economic zones (exchange of letters) regarding maritime boundary.,Energy,Israel / Lebanon (offshore EEZ),Eastern Mediterranean maritime boundary,Agreement formalised through exchange of letters mediated by the United States. Illustrates how offshore extractive frontiers create interstate disputes and negotiated settlements.,Maritime agreement (UN),33,34,https://treaties.un.org/Pages/showDetails.aspx?clang=_en&objid=08000002806029d5
01/01/2023,Ministerial committee advances bill to apply Israeli law to nature reserves in the West Bank nature reserves (de facto annexation).,Governance & Territory,West Bank (Israeli legislative initiative),West Bank nature reserves,Proposal concerns application of Israeli law to protected areas. Controversial bill to apply Israeli law to occupied territory nature reserves.,West Bank nature reserves bill,31.9522,35.2332,https://poica.org/2023/06/a-de-facto-annexation-of-the-west-banks-nature-reserves/
01/01/2023,Government launches national vulture protection programme. Multi-million shekel vulture protection plan launched (28.5 million NIS over 4 years).,Conservation & Environment,State of Israel,National conservation programme,Multi-year funding for feeding stations and anti-poisoning measures. Stabilise critically endangered vulture population through feeding stations and poisoning prevention.,Vulture protection plan,31.7683,35.2137,https://mideastenvironment.apps01.yorku.ca/2023/09/israel-throws-multi-million-lifeline-to-save-its-vanishing-vulture-ynet/
07/05/2023,Israeli government approves budget to develop/restoration works at Sebastia archaeological site.,Heritage & Archaeology,Funding / Development Plan,Sebastia / Samaria,Government approval reported early May 2023; coordinates use UNESCO TL point.,Sebastia development budget,32.28333333,35.18333333,https://peacenow.org.il/en/the-civil-administration-begins-archaeological-excavations-at-the-sebastia-site
04/07/2023,Israeli Cabinet decision extends Israeli Civil Administration authority over heritage sites in West Bank Area B (policy enabling increased control/operations at selected sites).,Governance & Territory,West Bank (Area B),West Bank Area B heritage sites,Policy affects management of selected archaeological locations.,Cabinet decision: Civil Admin jurisdiction at Area B heritage sites,31.9522,35.2332,https://emekshaveh.org/en/cabinet-decision-area-b/
17/09/2023,Ancient Jericho / Tell es-Sultan inscribed on UNESCO World Heritage List.,Heritage & Archaeology,State of Palestine,Jericho / Tell es-Sultan,"Inscribed during the 45th session of the World Heritage Committee. Inscription reported Sept 17, 2023; coordinates from UNESCO maps page.",Tell es-Sultan UNESCO,31.87130556,35.44405556,https://whc.unesco.org/en/list/1687
07/10/2023,Hamas-led attacks on Israel followed by Israeli military operations in the Gaza Strip.,Resistance,Israel / Gaza Strip,Israel and Gaza Strip,Event marks start of ongoing Gaza war beginning October 2023. Included as major inflection point relevant to later military corridors and access regimes.,Al-Aqsa Flood,31.4,34.35,https://www.palestine-australia.com/highlights/news/2023/ocha-flash-update-6
01/01/2024,KKL-JNF launches National Program for the Protection of Wild Birds addressing >10% population decline.,Conservation & Environment,State of Israel,National conservation programme,Programme addresses population decline and migratory bird protection (climate change and avian flu impacts on migratory birds).,National bird protection program,31.7683,35.2137,https://mideastenvironment.apps01.yorku.ca/2024/05/kkl-jnf-unveils-new-program-to-protect-migratory-birds-jerusalem-post/
01/01/2024,"INPA creates a Bedouin led volunteer patrol (19 members) to locate and remove poisoned carcasses, addressing the primary threat to vultures in the Negev.",Conservation & Environment,State of Israel,Negev,Joint initiative with Israel Nature and Parks Authority.,Bedouin nature patrol,30.9,34.8,https://www.ynetnews.com/health_science/article/sjcotjljr
01/01/2024,Transportation Ministry launches bird-friendly acoustic wall project on highways (Route 20 and 2).,Conservation & Environment,State of Israel,Coastal and central highways (Routes 2 and 20),Visual markers to prevent collisions; response to study showing hundreds of thousands of bird deaths.,Bird-friendly acoustic walls,32.0853,34.7818,https://www.ynetnews.com/environment/article/h100fm4cja
01/01/2024,Researchers publish deep learning bird monitoring study using BirdNET-Analyzer at Hula Lake.,Conservation & Environment,State of Israel,Hula Lake,Deep learning framework for acoustic species monitoring. Automated framework for monitoring bird species by vocalisations.,BirdNET bioacoustics study,33.06666667,35.58333333,https://www.sciencedirect.com/science/article/pii/S1574954124000700
01/10/2024,Noga report evaluates effectiveness of powerline bird-collision marking measures. Study comparing effectiveness of different powerline marking measures; includes drone installation and monitoring (2022-2024).,Conservation & Environment,State of Israel,Jezreel Valley   Beit She an corridor,Study compares mitigation techniques including drone installation. Important for 'infrastructure mitigation' timeline: quantified reductions and operational methods.,Marking effectiveness study (Noga),32.604,35.322,https://www.noga-iso.co.il/media/qzxarbpv/%D7%94%D7%AA%D7%A0%D7%92%D7%A9%D7%95%D7%99%D7%95%D7%AA-%D7%91%D7%A7%D7%95%D7%95%D7%99-%D7%9E%D7%AA%D7%97-%D7%93%D7%95%D7%97-%D7%9E%D7%A1%D7%9B%D7%9D.pdf
07/05/2024,Israeli forces take control of Rafah crossing area during Rafah offensive and deploys forces within the Philadelphi Corridor (Gaza).,Military,Gaza Strip (Israeli military operation),Rafah crossing / Philadelphi corridor,Operations conducted along Gaza Egypt border area. Midpoint coordinate between Kerem Shalom crossing and Rafah Border Crossing (for mapping a linear corridor).,Philadelphi corridor control,31.234705,34.264895,https://www.aljazeera.com/news/2024/9/5/netanyahu-doubles-down-on-military-control-over-gazas-philadelphi-corridor
26/06/2024,"Reports indicate increased demolition of Bedouin villages in the Negev, with several communities at risk of displacement.",Governance & Territory,State of Israel,Negev (Naqab),"Estimates indicate approximately 5,000 6,000 residents in multiple villages at risk following intensified demolitions.",Demolition of Bedouin villages,31.25,34.8,https://iwgia.org/en/bedouin_negev_naqab/5654-iw-2025-bedouin.html
01/07/2024,Israeli authorities seize plot at Tel Sebastia for planned development works for planned flagpole/national-park development.,Heritage & Archaeology,West Bank (Israeli administration),Sebastia / Samaria,Reported July 2024.,Tel Sebastia plot seizure,32.28333333,35.18333333,https://www.ft.com/content/412aaea4-d25b-465c-83b4-36df4295e184
31/12/2024,Netzarim Corridor established/used as an east-west military corridor dividing Gaza Strip south of Gaza City.,Military,Gaza Strip (Israeli military control),Netzarim Corridor,Corridor used during 2024 Gaza operations.,Netzarim Corridor,31.4697,34.4316,https://www.ochaopt.org/
01/01/2025,Eilat Urban Nature Hub project launched for bird conservation along migratory route.,Conservation & Environment,State of Israel,Eilat,Urban ecological restoration and education initiative.,Eilat bird conservation hub,29.55,34.95,https://embassies.gov.il/boston/en/news/conserving-bird-migration-route-eilat
01/01/2025,Palestinian Environment Quality Authority reports 685 environmental violations in the West Bank attributed to Israeli military activities and settlements/settler violence.,Governance & Territory,West Bank,West Bank,Annual report documenting environmental impacts during 2024 2025 period.,PA environmental violations report,31.9522,35.2332,https://www.environment.ps/en/news/2025-report
01/01/2025,Research programme on nocturnal bird migration using radar and bioacoustics methods (Aya Marck).,Conservation & Environment,State of Israel,Haifa research programme,Study uses machine learning classification of nocturnal flight calls. Deep learning models classify bird species using bioacoustics,Nocturnal migration bioacoustics research,32.794,34.9896,https://animalflight.haifa.ac.il/people/aya-marck/
01/01/2025,Implementation phase of national vulture protection programme announced. Israel announces NIS 28.5 million vulture protection plan implementation (continuation from 2023).,Conservation & Environment,State of Israel,National conservation programme,Programme includes feeding stations and anti-poisoning measures.,Vulture plan implementation,31.7683,35.2137,https://www.ynetnews.com/environment/article/bj2rohkcll
02/04/2025,Morag Corridor announced/used as a military corridor in Gaza.,Military,Gaza Strip (Israeli military control),Morag Corridor,Corridor referenced in reporting during 2025 Gaza operations.,Morag Corridor,31.30833,34.28806,https://www.ochaopt.org/
01/05/2025,"Multiple archaeological site designation orders issued in northern West Bank including including Khirbet Silon/Tel Shiloh, Khirbet Tana et-Tahta (east of Beit Furik), and Mount Gerizim (Jabal Jarizim/Har Gerizim). Described as unprecedented in scale.",Heritage & Archaeology,West Bank (Israeli Civil Administration),Nablus (northern West Bank),Umbrella event covering multiple site declarations signed May 2025.,"Mass archaeology site declarations (Tel Shiloh, Khirbet Tana, Mt Gerizim)",32.221,35.262,https://emekshaveh.org/en/sites-declarations-and-more/
11/05/2025,Archaeological excavations initiated near Nablus at Sebastia (Tel Shomron) by Civil Administration archaeology unit.,Heritage & Archaeology,West Bank (Israeli Civil Administration),Sebastia (Tel Shomron),Site spans Areas B and C near Nablus.,Sebastia excavations begin,32.275,35.196,https://peacenow.org.il/en/the-civil-administration-begins-archaeological-excavations-at-the-sebastia-site
01/09/2025,"Reports document expropriation plans and expanded control over multiple archaeological sites in Nablus governorate, including Sebastia.",Heritage & Archaeology,West Bank (Israeli Civil Administration),Nablus (Sebastia and surrounding sites),Reflects expansion of archaeological designation and land control beyond initial excavation phase.,Sebastia excavations,32.221,35.262,https://poica.org/2025/09/nablus-governorates-archaeological-sites-face-israeli-expropriation-plans/
26/11/2025,"NAD media brief summarizes 2013-2025 confiscation/order distribution and lists named West Bank archaeological sites affected (including Sebastia, Tel Shiloh, Mount Gerizim, Khirbet Tana).",Governance & Territory,West Bank,West Bank (Nablus/Ramallah/Salfit),Brief lists multiple archaeological sites subject to orders. NAD: 63 orders affecting West Bank archaeological sites (2013-2025),NAD summary: 63 orders (2013-2025),31.9522,35.2332,https://www.nad.ps/en/media-room/media-briefs/archaeology-cultural-heritage-israel%E2%80%99s-strategy-entrench-de-facto-annexation
19/12/2025,Civil Administration archaeology unit activity reported at Sartaba / Alexandrium site.,Heritage & Archaeology,West Bank (Israeli Civil Administration),Sartaba / Alexandrium,Activity reported in Hebrew media. Coordinates reflect Sartaba/Alexandreion location.,Sartaba (Alexandrium) renewed activity,32.086,35.462,https://www.ynetnews.com/environment/article/ryg34ihx11x
15/03/2026,Bioacoustics conference 2026 at University of Haifa focusing on autonomous recording units for bird migration monitoring. ,Conservation & Environment,State of Israel,Haifa,Conference on acoustic monitoring and migration research (Soundscape analysis and bird monitoring).,Bioacoustics 2026 conference,32.8,34.98,https://animalflight.haifa.ac.il/bioacoustics-conference-2026/bioacoustics-2026-landing-page/
02/02/2026,Reported plan for park development and land expropriation at Sebastia archaeological site; Palestinian objections frame it as land/heritage seizure.,Heritage & Archaeology,West Bank (Israeli administration),Sebastia / Samaria,Reported February 2026; subject of dispute. Coordinates use UNESCO Tentative List point.,Sebastia expropriation notice / dispute,32.28333333,35.18333333,https://cwrc.ps/page-4267-en.html
05/06/1967,"Establishment of Israeli military administration and population registry system used to monitor Palestinian residency, identity, and movement",Governance & Territory,"West Bank, Gaza",Occupied Palestinian Territory,"Population registry functions as a foundational data infrastructure linking identity, residency status, and mobility rights. This system precedes digital surveillance but establishes the logic of population management and control through record-keeping.",Administrative Surveillance,31.9522,35.2332,https://imeu.org/resources/key-issues/fact-sheet-israeli-surveillance-restrictions-on-palestinian-movement/128
05/03/1991,"Introduction of the permit regime requiring Palestinians to obtain authorisation for movement between Gaza, West Bank, and Israel, creating a database-driven control system",Governance & Territory,"West Bank, Gaza, Israel",heckpoints / border crossings,"Permit system digitises earlier administrative controls, producing a networked infrastructure of movement governance. Functions through integration of ID databases, security classifications, and checkpoint enforcement mechanisms.",Movement Control Systems,31.7683,35.2137,https://www.btselem.org/freedom_of_movement
01/01/2019,Deployment of facial recognition surveillance systems ( Red Wolf ) at checkpoints in Hebron to track and classify Palestinians,Infrastructure & Technology,West Bank (H2),Hebron,"Facial recognition automates identification processes, removing need for physical ID checks. Operates through database matching and risk categorisation, embedding algorithmic decision-making into checkpoint infrastructure.",Biometric Surveillance,31.5326,35.0998,"https://www.amnesty.org/en/latest/campaigns/2023/05/automated-apartheid/, https://international-review.icrc.org/sites/default/files/reviews-pdf/2021-12/ihl-hr-facial-recognition-technology-occupied-palestinian-territory-914.pdf"
01/01/2020,Implementation of  Blue Wolf  system - a large-scale facial recognition database used by Israeli forces to identify Palestinians in real time,Infrastructure & Technology,West Bank,Multiple urban areas," Blue Wolf  functions as a gamified data acquisition system, incentivising soldiers to collect facial images. Expands surveillance beyond checkpoints into everyday urban environments, creating a pervasive biometric database.",AI / Database Surveillance,31.9522,35.2332,https://www.amnesty.org/en/latest/news/2023/05/israel-opt-israeli-authorities-are-using-facial-recognition-technology-to-entrench-apartheid/
28/09/2000,Expansion of checkpoint infrastructure integrated with digital ID verification and centralised databases during the Second Intifada,Governance & Territory,West Bank,"Checkpoints (e.g., Qalandia)","28/09/2000 (Ariel Sharon visit to Haram al-Sharif/Temple Mount) is the standard trigger date. The surveillance infrastructure expansion is processual (2000 2003), so this is again an anchor date, not a single deployment moment.",Networked Surveillance,31.8619,35.217,https://www.ecoi.net/en/file/local/1272348/1002_1246549512_ocha-opt-movement-access-2009-june-english.pdf
01/10/2015,Escalation of violence across the West Bank triggers intensified security measures and surveillance expansion planning,Governance & Territory,West Bank,Hebron,Used as contextual trigger; surveillance expansion follows immediately after October 2015 escalation.,Surveillance Trigger Event,31.5326,35.0998,https://international-review.icrc.org/sites/default/files/reviews-pdf/2021-12/ihl-hr-facial-recognition-technology-occupied-palestinian-territory-914.pdf
25/10/2015,"Installation and densification of CCTV cameras across Hebron H2, covering streets, checkpoints, and access points",Infrastructure & Technology,West Bank (H2),Hebron Old City,"Amnesty documents near-ubiquitous camera coverage in H2, forming the basis for later biometric integration.",CCTV Infrastructure Deploymen,31.5326,35.0998,https://www.amnesty.org/en/documents/mde15/6701/2023/en/
01/01/2016,Consolidation of Hebron surveillance network; cameras integrated with checkpoint control and monitoring systems,Infrastructure & Technology,West Bank (H2),Hebron checkpoints (incl. Shuhada Street corridor),Marks transition from standalone cameras ? networked surveillance architecture.,Networked Surveillance,31.5326,35.0998,https://international-review.icrc.org/sites/default/files/reviews-pdf/2021-12/ihl-hr-facial-recognition-technology-occupied-palestinian-territory-914.pdf
01/07/2014,Initial deployment and acceleration of CCTV camera installation across East Jerusalem Palestinian neighbourhoods,Governance & Territory,East Jerusalem,"Shuafat, Silwan, Issawiya, Old City",Marks beginning of large-scale camera installation following unrest; early phase of infrastructure build-out.,CCTV Deployment,31.7683,35.2137,https://international-review.icrc.org/sites/default/files/reviews-pdf/2021-12/ihl-hr-facial-recognition-technology-occupied-palestinian-territory-914.pdf
01/01/2015,"Expansion and densification of surveillance camera network, extending coverage into residential streets and public spaces",Infrastructure & Technology,East Jerusalem,"Old City, surrounding neighbourhoods","System transitions from discrete cameras ? continuous urban monitoring network, enabling persistent observation.",Networked Surveillance,31.7683,35.2137,https://international-review.icrc.org/sites/default/files/reviews-pdf/2021-12/ihl-hr-facial-recognition-technology-occupied-palestinian-territory-914.pdf
01/01/2016,"Spyware developed by NSO Group enabling covert access to smartphones (calls, messages, camera, microphone, files). First confirmed in 2016",Infrastructure & Technology,"West Bank, Gaza, Israel",Remote / device-level (non-location specific),Forensic analysis confirmed Pegasus infections on Palestinian human rights defenders  phones (2021). Represents non-territorial surveillance (not tied to checkpoints or infrastructure). Key shift: from physical control ? remote digital penetration.,Pegasus (NSO Group),0,0,https://www.frontlinedefenders.org/sites/default/files/palestine_nso_report_final.pdf
01/01/2010,"Suite of interception and hacking tools used by state actors, often overlapping with Pegasus capabilities.  Often operates through private companies contracted by states. Difficult to attribute specific deployments due to secrecy.",Infrastructure & Technology,Israel / Occupied Palestinian Territories,,"Confirmed (broader ecosystem, less individually documented). 
Often operates through private companies contracted by states. Difficult to attribute specific deployments due to secrecy.",Commercial cyber-surveillance tools,0,0,https://docs.un.org/en/A/HRC/39/29
01/01/2000,"Mass interception of communications (calls, internet traffic) by Unit 8200.",Infrastructure & Technology,"West Bank, Gaza",,"Interception of communications, metadata analysis, intelligence profiling",Signals intelligence (SIGINT),0,0,
05/06/1982,"Emergence of Yesh Gvul refusals during the 1982 Lebanon War, (Operation Peace for Galilee) opposing service beyond internationally recognised borders.",Resistance,Israel / Lebanon (extraterritorial military operations),Southern Lebanon (primary theatre of operations),Refusals begin immediately after the invasion starts. No single founding-day document for Yesh Gvul ? Anchor date marks invasion start; refusals emerge immediately after deployment orders.,Military Refusal / Extraterritorial Operations,0,0,
08/12/1987,Selective refusal emerges among Israeli reservists during policing and enforcement duties in the First Intifada,Resistance,"West Bank, Gaza (occupied territories)",Occupied Palestinian Territory,Refusals are diffuse; tied to shift from conventional warfare ? civilian population control.,Military Refusal / Occupation Enforcement,31.9522,35.2332,https://www.jstor.org/stable/2538162
25/01/2002,"Publication of the Combatants' Letter, signed by 51 reservists refusing service in the occupied territories",Resistance,"Israel / West Bank, Gaza",Tel Aviv (publication + military centre),One of the first formalised collective refusals with explicit political framing.,Military Refusal / Public Declaration,32.0853,34.7818,https://www.972mag.com/combatants-letter-army-refusal-zionist-left/
24/09/2003,Public refusal by Israeli Air Force pilots declining participation in targeted strike missions in Palestinian territories,Resistance,"Israel / Gaza, West Bank (aerial operations)",Tel Nof Airbase,Represents refusal within elite technological military infrastructure (air power).,Military Refusal / Aerial Warfare,31.8397,34.8215,https://btvshalom.org/archive/more/The_Pilots_Have_Courage_To_Refuse.pdf
14/07/2014,Reports of reservists refusing participation in operations during the 2014 Gaza War,Resistance,Israel / Gaza,Gaza Israel border region,Mid-conflict anchor; refusals linked to operational conduct rather than deployment itself.,Military Refusal / Active Conflict,31.5017,34.4668,https://forward.com/fast-forward/202671/50-israeli-reservists-refuse-to-serve-in-gaza-war/
07/10/2023,"Reports indicate 365+ reservists declined or threatened refusal connected to Gaza operations, reflecting widening internal divisions over wartime policy.",Resistance,Israel / Gaza,Gaza Israel interface (southern front),Represents scale shift in refusal discourse; includes both active refusal and threatened non-compliance.,Military Refusal / Systemic Crisis,31.4,34.35,https://theconversation.com/israels-refuseniks-a-growing-number-of-soldiers-are-refusing-to-serve-in-netanyahus-war-on-gaza-264707
01/06/2024,Peak reporting period of reservist refusals and dissent within Israeli military structures during ongoing Gaza operations,Resistance,Israel,National (distributed across military units),"Use as continuation marker, not standalone event; reflects persistence rather than onset.",Military Refusal / Internal Dissent,31.0461,34.8516,https://www.middleeasteye.net/live-blog/live-blog-update/dozens-israeli-reservists-sign-letter-expressing-refusal-serve-gaza
